{"cameraMode":{"drawMode":0,"name":"Shaded","section":"Shading Mode"},"sceneLighting":true,"audioPlay":false,"sceneViewState":{"m_AlwaysRefresh":false,"showFog":true,"showSkybox":true,"showFlares":true,"showImageEffects":true,"showParticleSystems":true,"showVisualEffectGraphs":true,"m_FxEnabled":false},"in2DMode":false,"pivot":{"x":0.16678595542907716,"y":0.7179672718048096,"z":1.726447582244873},"rotation":{"x":0.33661985397338869,"y":-0.2712683379650116,"z":0.10191979259252548,"w":0.8959422707557678},"size":6.369353771209717,"orthographic":true}