{"cameraMode":{"drawMode":0,"name":"Shaded","section":"Shading Mode"},"sceneLighting":true,"audioPlay":false,"sceneViewState":{"m_AlwaysRefresh":false,"showFog":true,"showSkybox":true,"showFlares":true,"showImageEffects":true,"showParticleSystems":true,"showVisualEffectGraphs":true,"m_FxEnabled":false},"in2DMode":false,"pivot":{"x":1.6304035186767579,"y":1.5699247121810914,"z":3.0276455879211427},"rotation":{"x":0.23228293657302857,"y":0.3466342091560364,"z":-0.08902677148580551,"w":0.9044156074523926},"size":1333.50146484375,"orthographic":false}