{"cameraMode":{"drawMode":0,"name":"Shaded","section":"Shading Mode"},"sceneLighting":true,"audioPlay":false,"sceneViewState":{"m_AlwaysRefresh":false,"showFog":true,"showSkybox":true,"showFlares":true,"showImageEffects":true,"showParticleSystems":true,"showVisualEffectGraphs":true,"m_FxEnabled":true},"in2DMode":false,"pivot":{"x":0.1798381805419922,"y":0.15799427032470704,"z":6.015007972717285},"rotation":{"x":-0.2489466518163681,"y":0.5113308429718018,"z":-0.15765029191970826,"w":-0.8073102235794067},"size":6.181916236877441,"orthographic":true}