{"cameraMode":{"drawMode":0,"name":"Shaded","section":"Shading Mode"},"sceneLighting":true,"audioPlay":false,"sceneViewState":{"m_AlwaysRefresh":false,"showFog":true,"showSkybox":true,"showFlares":true,"showImageEffects":true,"showParticleSystems":true,"showVisualEffectGraphs":true,"m_FxEnabled":true},"in2DMode":false,"pivot":{"x":4.049070835113525,"y":0.1354982852935791,"z":0.4173252582550049},"rotation":{"x":0.018691660836338998,"y":0.14644594490528108,"z":-0.002768254838883877,"w":0.9890422821044922},"size":2.271904706954956,"orthographic":false}