{"cameraMode":{"drawMode":0,"name":"Shaded","section":"Shading Mode"},"sceneLighting":true,"audioPlay":false,"sceneViewState":{"m_AlwaysRefresh":false,"showFog":true,"showSkybox":true,"showFlares":true,"showImageEffects":true,"showParticleSystems":true,"showVisualEffectGraphs":true,"m_FxEnabled":true},"in2DMode":false,"pivot":{"x":3.193526268005371,"y":1.3042848110198975,"z":-0.14166522026062013},"rotation":{"x":-0.3486312925815582,"y":-0.03736703470349312,"z":0.013986540026962757,"w":-0.9364429712295532},"size":4.144872665405273,"orthographic":false}