{"cameraMode":{"drawMode":0,"name":"Shaded","section":"Shading Mode"},"sceneLighting":true,"audioPlay":false,"sceneViewState":{"m_AlwaysRefresh":false,"showFog":true,"showSkybox":true,"showFlares":true,"showImageEffects":true,"showParticleSystems":true,"showVisualEffectGraphs":true,"m_FxEnabled":true},"in2DMode":false,"pivot":{"x":4.903629779815674,"y":-0.5164096355438232,"z":-0.4203517436981201},"rotation":{"x":0.2427356243133545,"y":0.21184296905994416,"z":-0.05440862476825714,"w":0.9451172947883606},"size":6.6223673820495609,"orthographic":false}