{"cameraMode":{"drawMode":0,"name":"Shaded","section":"Shading Mode"},"sceneLighting":true,"audioPlay":false,"sceneViewState":{"m_AlwaysRefresh":false,"showFog":true,"showSkybox":true,"showFlares":true,"showImageEffects":true,"showParticleSystems":true,"showVisualEffectGraphs":true,"m_FxEnabled":false},"in2DMode":false,"pivot":{"x":2.3083741664886476,"y":0.7393857836723328,"z":1.2055857181549073},"rotation":{"x":0.45831888914108279,"y":-0.2798812985420227,"z":0.15468470752239228,"w":0.8292666077613831},"size":5.779382705688477,"orthographic":true}