{"cameraMode":{"drawMode":0,"name":"Shaded","section":"Shading Mode"},"sceneLighting":true,"audioPlay":false,"sceneViewState":{"m_AlwaysRefresh":false,"showFog":true,"showSkybox":true,"showFlares":true,"showImageEffects":true,"showParticleSystems":true,"showVisualEffectGraphs":true,"m_FxEnabled":true},"in2DMode":false,"pivot":{"x":3.3783950805664064,"y":0.4673722982406616,"z":-1.7147116661071778},"rotation":{"x":0.0980004221200943,"y":0.37254801392555239,"z":-0.03960813209414482,"w":0.9219999313354492},"size":18.3762149810791,"orthographic":false}